<?xml version="1.0" encoding="UTF-8" standalone="yes"?>
<addon id="plugin.video.ktbox-1.0.0" name="KT Box" version="1.0.0" provider-name="Your website here">
  <requires>
    <import addon="xbmc.python" version="2.1.0"/>
  </requires>
  <extension point="xbmc.python.pluginsource" library="default.py">
        <provides>video executable</provides>
  </extension>
  <extension point="xbmc.addon.metadata">
    <summary lang="en">KT Box Wizard</summary>
    <description lang="en">KT Box Wizard</description>
    <platform>all</platform>
  </extension>
</addon>
